<?xml version="1.0"?>
<!--
/**
 * Mageplaza
 *
 * NOTICE OF LICENSE
 *
 * This source file is subject to the Mageplaza.com license that is
 * available through the world-wide-web at this URL:
 * https://www.mageplaza.com/LICENSE.txt
 *
 * DISCLAIMER
 *
 * Do not edit or add to this file if you wish to upgrade this extension to newer
 * version in the future.
 *
 * @category    Mageplaza
 * @package     Mageplaza_Reports
 * @copyright   Copyright (c) Mageplaza (https://www.mageplaza.com/)
 * @license     https://www.mageplaza.com/LICENSE.txt
 */
-->
<config xmlns:xsi="http://www.w3.org/2001/XMLSchema-instance" xsi:noNamespaceSchemaLocation="urn:magento:framework:ObjectManager/etc/config.xsd">
    <type name="Magento\Backend\Model\Url">
        <plugin name="startup_page_url" type="Mageplaza\Reports\Plugin\Model\StartupPageUrl" sortOrder="1"/>
    </type>
    <type name="Magento\Backend\Helper\Data">
        <plugin name="backend_logo_url" type="Mageplaza\Reports\Plugin\BackendLogoUrl" sortOrder="1"/>
    </type>
    <type name="Magento\Backend\Model\Menu\Builder\AbstractCommand">
        <plugin name="mageplaza_report_hide_menu" type="Mageplaza\Reports\Plugin\MoveMenu"/>
    </type>
</config>
