<?xml version="1.0"?>
<!--
/**
 * Mageplaza
 *
 * NOTICE OF LICENSE
 *
 * This source file is subject to the Mageplaza.com license that is
 * available through the world-wide-web at this URL:
 * https://www.mageplaza.com/LICENSE.txt
 *
 * DISCLAIMER
 *
 * Do not edit or add to this file if you wish to upgrade this extension to newer
 * version in the future.
 *
 * @category    Mageplaza
 * @package     Mageplaza_EmailAttachments
 * @copyright   Copyright (c) Mageplaza (https://www.mageplaza.com/)
 * @license     https://www.mageplaza.com/LICENSE.txt
 */
-->
<config xmlns:xsi="http://www.w3.org/2001/XMLSchema-instance" xsi:noNamespaceSchemaLocation="urn:magento:framework:ObjectManager/etc/config.xsd">
    <type name="Magento\Framework\Mail\TransportInterfaceFactory">
        <arguments>
            <argument name="instanceName" xsi:type="string">Mageplaza\EmailAttachments\Mail\Transport</argument>
        </arguments>
        <plugin name="mageplaza_emailattachments_transport_factory" type="Mageplaza\EmailAttachments\Mail\TransportFactory"/>
    </type>
    <preference for="Magento\Framework\Mail\EmailMessageInterfaceFactory" type="Mageplaza\EmailAttachments\Mail\EmailMessageFactory"/>
</config>
