<?xml version="1.0"?>
<!--
/**
 * Mageplaza
 *
 * NOTICE OF LICENSE
 *
 * This source file is subject to the Mageplaza.com license that is
 * available through the world-wide-web at this URL:
 * https://www.mageplaza.com/LICENSE.txt
 *
 * DISCLAIMER
 *
 * Do not edit or add to this file if you wish to upgrade this extension to newer
 * version in the future.
 *
 * @category    Mageplaza
 * @package     Mageplaza_Reports
 * @copyright   Copyright (c) Mageplaza (https://www.mageplaza.com/)
 * @license     https://www.mageplaza.com/LICENSE.txt
 */
-->
<config xmlns:xsi="http://www.w3.org/2001/XMLSchema-instance" xsi:noNamespaceSchemaLocation="urn:magento:module:Magento_Config:etc/system_file.xsd">
    <system>
        <section id="mageplaza_reports" translate="label" sortOrder="50" showInDefault="1" showInWebsite="1" showInStore="1">
            <class>separator-top</class>
            <label>Reports</label>
            <tab>mageplaza</tab>
            <resource>Mageplaza_Reports::configuration</resource>
            <group id="general" translate="label" type="text" sortOrder="10" showInDefault="1" showInWebsite="1" showInStore="1">
                <label>General Configuration</label>
                <field id="enabled" translate="label" type="select" sortOrder="10" showInDefault="1" showInWebsite="1" showInStore="1">
                    <label>Module Enable</label>
                    <source_model>Magento\Config\Model\Config\Source\Yesno</source_model>
                    <comment><![CDATA[Select <b>Yes</b> to enable this module.<br />
                        1. It helps to reduce abandonment cart with <a href="https://www.mageplaza.com/magento-2-one-step-checkout-extension/" target="_blank">One Step Checkout</a>. <br />
                        2. <a href="https://pages.mageplaza.com/abandoned-cart-email-templates-for-magento/?utm_source=configuration&utm_campaign=m2-bannerslider" target="_blank">How to setup abandoned cart email series</a>]]></comment>
                </field>
                <field id="dashboard_enabled" translate="label" type="select" sortOrder="20" showInDefault="1" showInWebsite="1" showInStore="1">
                    <label>Enable Dashboard</label>
                    <source_model>Magento\Config\Model\Config\Source\Yesno</source_model>
                    <backend_model>Mageplaza\Core\Model\Config\Backend\Menu</backend_model>
                </field>
                <field id="chart_enabled" translate="label" type="select" sortOrder="30" showInDefault="1" showInWebsite="1" showInStore="1">
                    <label>Enable Chart</label>
                    <source_model>Magento\Config\Model\Config\Source\Yesno</source_model>
                </field>
                <field id="compare" translate="label" type="select" sortOrder="40" showInDefault="1" showInWebsite="1" showInStore="1">
                    <label>Enable Comparison</label>
                    <source_model>Magento\Config\Model\Config\Source\Yesno</source_model>
                </field>
            </group>
            <group id="mobile" translate="label" type="text" sortOrder="10" showInDefault="1" showInWebsite="1" showInStore="1">
                <label>Mobile Dashboard</label>
                <field id="access_key" translate="label comment" type="text" sortOrder="10" showInDefault="1" showInWebsite="0" showInStore="0">
                    <label>Access Key</label>
                    <comment>You must save config to apply change.</comment>
                </field>
                <field id="auto_generate" translate="label" type="select" sortOrder="10" showInDefault="1" showInWebsite="0" showInStore="0">
                    <frontend_model>Mageplaza\Reports\Block\Adminhtml\System\Config\LinkBuilder</frontend_model>
                </field>
            </group>
        </section>
    </system>
</config>
